{
  "timestamp": "2026-03-12T11:05:34.312Z",
  "thresholds": "see metrics",
  "metrics": {
    "http_reqs": {
      "count": 57595,
      "rate": 62.720426150229095
    },
    "http_req_duration": {
      "avg": 1202.012076862584,
      "min": 138.2609,
      "med": 728.3302,
      "max": 44466.9925,
      "p(90)": 2832.17424,
      "p(95)": 3493.960249999999
    },
    "http_req_failed": {
      "passes": 0,
      "fails": 57595,
      "rate": 0
    },
    "errors": {
      "rate": 0,
      "passes": 0,
      "fails": 57595
    },
    "login_duration": {
      "avg": 1457.4334375586861,
      "min": 459.5102,
      "med": 1063.8863000000001,
      "max": 6406.202,
      "p(90)": 3077.5259,
      "p(95)": 3629.921984999997
    },
    "browse_duration": {
      "med": 727.67435,
      "max": 44466.9925,
      "p(90)": 2886.8097500000003,
      "p(95)": 3629.22825,
      "avg": 1232.0687745033704,
      "min": 140.9629
    },
    "cart_duration": {
      "p(95)": 3277.4276600000003,
      "avg": 1100.3404656494522,
      "min": 144.3906,
      "med": 681.34185,
      "max": 5935.8199,
      "p(90)": 2766.41628
    },
    "order_duration": {
      "max": 5358.9111,
      "p(90)": 2658.8061199999997,
      "p(95)": 3292.5192449999977,
      "avg": 1095.8751643974958,
      "min": 151.5127,
      "med": 702.48025
    },
    "search_duration": {
      "avg": 1262.3613120346474,
      "min": 143.1953,
      "med": 751.553,
      "max": 20337.024,
      "p(90)": 2869.5718500000003,
      "p(95)": 3691.116625
    },
    "api_calls": {
      "count": 57595,
      "rate": 62.720426150229095
    }
  }
}