{
  "timestamp": "2026-03-11T09:58:25.916Z",
  "thresholds": "see metrics",
  "metrics": {
    "http_reqs": {
      "rate": 67.7523654340079,
      "count": 62107
    },
    "http_req_duration": {
      "p(95)": 3030.280119999998,
      "avg": 970.2859772312344,
      "min": 137.0657,
      "med": 470.6251,
      "max": 60001.8969,
      "p(90)": 1994.8620800000006
    },
    "http_req_failed": {
      "rate": 0.0002254174247669345,
      "passes": 14,
      "fails": 62093
    },
    "errors": {
      "passes": 14,
      "fails": 62093,
      "rate": 0.0002254174247669345
    },
    "login_duration": {
      "p(90)": 2135.8774000000008,
      "p(95)": 2688.2774999999997,
      "avg": 1083.4872684210525,
      "min": 440.0885,
      "med": 773.556,
      "max": 8228.7535
    },
    "browse_duration": {
      "avg": 1005.7941366098773,
      "min": 137.8838,
      "med": 463.27575,
      "max": 60001.8969,
      "p(90)": 2051.58382,
      "p(95)": 3180.887360000003
    },
    "cart_duration": {
      "p(90)": 1546.52726,
      "p(95)": 2115.4481600000004,
      "avg": 730.6518424657543,
      "min": 149.9736,
      "med": 375.1133,
      "max": 60000.2961
    },
    "order_duration": {
      "med": 414.0059,
      "max": 12306.4574,
      "p(90)": 1519.7807600000006,
      "p(95)": 2189.6831700000002,
      "avg": 695.9081408074996,
      "min": 149.1134
    },
    "search_duration": {
      "avg": 1361.187191739558,
      "min": 145.5187,
      "med": 567.93435,
      "max": 60000.4623,
      "p(90)": 2788.4611,
      "p(95)": 4602.1281
    },
    "api_calls": {
      "count": 62107,
      "rate": 67.7523654340079
    }
  }
}